5093012872628956,2809,429,229,ä¸Šæµ·,å‡¡äº‹åƒä¸‡ä¸è¦all in#å†è§çˆ±äºº##å†è§çˆ±äºº4å¾®åšè§‚å¯Ÿå›¢# http://t.cn/A6n2usmC â€‹,72,2024-10-24,çƒ­é—¨,https://weibo.com/5093012872628956/OD1GLb1Uw,"https://tvax2.sinaimg.cn/crop.0.0.1080.1080.180/001Y07Bxly8hh0yuu02k9j60u00u0wfw02.jpg?KID=imgbed,tva&Expires=1729876445&ssig=2aCkniwU0x",èƒ¡å½¦æ–Œ,https://weibo.com/u/1802742227,0
5093152689750188,3685,286,328,é™•è¥¿,åˆšåˆšã€Šå°‘å¹´çš„ä½ ã€‹ä¸Šæ˜ 5å‘¨å¹´äº† â€‹,31,2024-10-25,çƒ­é—¨,https://weibo.com/5093152689750188/OD5kgEUt6,"https://tvax1.sinaimg.cn/crop.0.0.439.439.180/0061aNvTly8h8vdlbeux2j30c80c8aaf.jpg?KID=imgbed,tva&Expires=1729876445&ssig=DVCBFjqQZT",åˆšåˆš,https://weibo.com/u/5514146941,0
5093374312581947,13465,1388,4185,æ²³åŒ—,"#ç‹å‹‰å¸å¦ƒé©¾åˆ°#ğŸ’«#ç‹å‹‰é—»é¦™åŒ…çŒœé¦™æ–™#
æˆ‘å˜ä¸ªè¶…ç»èš‚è—å•Šç‹å‹‰ä½ æ‰æ˜¯çœŸæ­£çš„å¸è´µå¦ƒå§è¿™æœŸå›½åŒ»å°‘å¹´å¿—é—»é¦™åŒ…çŒœé¦™æ–™çš„æ—¶å€™ç‹å‹‰ç›´æ¥æŠŠæ•´ä¸ªé¦™åŒ…æ€¼è¿›é¼»å­”é‡ŒçŒ›å¸ä¸€å£é¼»å­éƒ½å¸åˆ°å˜å½¢çš„æ ·å­ä¹Ÿå¤ªæç¬‘äº†ä¸€å¸ä¸€ä¸ªä¸å±å£°ä½ å€’æ˜¯ä¸Šå¤´äº†æˆ‘è„‘å­å¥½åƒæœ‰ç‚¹ç¼ºæ°§äº†
å‹‰å­å“¥åœ¨æ—è¾¹å¸å¾—æ­£äº«å—çš„æ—¶å€™æ—è¾¹çš„æ•–å­é€¸ â€‹",396,2024-10-25,çƒ­é—¨,https://weibo.com/5093374312581947/ODb5JaPGj,"https://tvax2.sinaimg.cn/crop.0.0.940.940.180/006Z5GR9ly8h9jo7uh47rj30q40q477f.jpg?KID=imgbed,tva&Expires=1729876445&ssig=DznLbNtyZ1",è¿½æ˜Ÿå°‘å¥³æ¨æ·‘èŠ¬,https://weibo.com/u/6399509871,1
5092975447900574,2104,138,58,è¾½å®,åˆ˜çˆ½æŠ•èµ„äºå…‰è‘›å¤•å«å¦† æˆ‘çš„å¤©è°è¦æ˜¯èµ”å…‰æˆ‘çš„é’±è¿˜éª—æˆ‘æˆ‘ä¼šè·Ÿä»–æ‹¼å‘½å§çœŸçš„æ˜¯è©è¨#åˆ˜çˆ½ #è‘›å¤• #å†è§çˆ±äºº http://t.cn/A6n2aIZR â€‹,119,2024-10-24,çƒ­é—¨,https://weibo.com/5092975447900574/OD0Iox9iC,"https://tvax3.sinaimg.cn/crop.0.0.996.996.180/006V7Y6ply8fsdeqkm2kgj30ro0rowhq.jpg?KID=imgbed,tva&Expires=1729876445&ssig=A6NQhuSc%2Fw",24å°æ—¶åœ¨çº¿å†²æµª,https://weibo.com/u/6340947477,0
5093307082867068,115824,8674,105054,åŒ—äº¬,"#èµ´å±±æµ·å®˜å®£æ€é’# 
åˆå¿ƒå¦‚ç£æœªæ›¾æ”¹å¤©æ¶¯é©°éª‹æ„éš¾ä¼‘
ç§‹æ°´ä¹˜èˆŸå…¥å…‰å½±èµ´å±±æµ·ç›¼ç›¸è§è‚–æ˜æ˜/è§ç§‹æ°´/ææ²‰èˆŸ@æˆæ¯… #èµ´å±±æµ·# â€‹",117,2024-10-25,çƒ­é—¨,https://weibo.com/5093307082867068/OD9lic1R2,"https://tvax3.sinaimg.cn/crop.0.0.512.512.180/008DPRAdly8hp8z9cp7hhj30e80e8wf1.jpg?KID=imgbed,tva&Expires=1729876445&ssig=YTsQy9a0WQ",èµ´å±±æµ·å®˜å¾®,https://weibo.com/u/7917700465,0
5093313013354518,1095,28,19,æ–°ç–†,"#å®è‰ºå“[è¶…è¯]#[äº²äº²]#Giselleäº²äº†å®è‰ºå“#[åŠªåŠ›]#å®è‰ºå“# 
å°é¢å›¾é€‰çš„å¥½
ç™¾ä¸‡æ’­æ”¾é‡å°‘ä¸äº†
å› ä¸ºé€‰äº†å®å®çš„ç¥å›¾å½“å°é¢
æ¯ä¸€ä¸ªè·¯äººéƒ½ä¼šå› ä¸ºè¢«ç¾åˆ°ç‚¹è¿›å»çœ‹[äº²äº²] â€‹",148,2024-10-25,çƒ­é—¨,https://weibo.com/5093313013354518/OD9uRe4F8,"https://tvax2.sinaimg.cn/crop.0.0.1080.1080.180/0070qhahly8hus5vipnd6j30u00u0769.jpg?KID=imgbed,tva&Expires=1729876445&ssig=U9vZYlXBzr",å–§Â·å“—,https://weibo.com/u/6419192337,0
5093325931283408,689,12,1,è¾½å®,ç»ˆäºåˆ¤äº†ä¸ªæ­»åˆ‘çš„ä½ æ”¯ä¸æ”¯æŒæ‹å–å„¿ç«¥ä¸€å¾‹æ­»åˆ‘#ä½™åè‹±é‡å®¡ä¸€å®¡æ­»åˆ‘##ä½™åè‹±å½“åº­ä¸Šè¯‰# http://t.cn/A6nyKt47 â€‹,103,2024-10-25,çƒ­é—¨,https://weibo.com/5093325931283408/OD9PH5nS8,"https://tvax1.sinaimg.cn/crop.0.0.1080.1080.180/46e336daly8gzff9ay63nj20u00u075k.jpg?KID=imgbed,tva&Expires=1729876445&ssig=qGJmsEZtFO",å¸…è½¦è¯„,https://weibo.com/u/1189295834,1
5091986220777763,148568,9678,47248,å¤©æ´¥,"#TF_ING[è¶…è¯]##2024äºšæ´²é’å¹´éŸ³ä¹ç››å…¸#  
æ–°é’å¹´â€¢å‘æœªæ¥@AYMFäºšæ´²é’å¹´éŸ³ä¹ç››å…¸ 
11æœˆ3æ—¥é‡åº†é¾™å…´è¶³çƒåœºæˆ‘ä»¬ä¸è§ä¸æ•£ http://t.cn/A6n7PN15 â€‹",134,2024-10-21,çƒ­é—¨,https://weibo.com/5091986220777763/OCAYS3gkz,"https://tvax2.sinaimg.cn/crop.0.0.1080.1080.180/008rzwG0ly8htf08vv579j30u00u0js2.jpg?KID=imgbed,tva&Expires=1729876445&ssig=FrGyU201Lp",TF_ING,https://weibo.com/u/7736490820,0
5092662179271085,60699,17367,159427,åŒ—äº¬,"æˆ‘å’Œå°ç‹—éƒ½å·²ç»æˆ´ä¸Šå¸½å­äº†ğŸ¶
å°ç‹—æé†’å¤©æ°”è½¬å†·å°å¿ƒç€å‡‰å¤§å®¶è®°å¾—åŠ è¡£

#å¥½äº‹å¤šå¢¨##ä¸€æ¡å¾®åšè®°å½•éœœé™# â€‹",101,2024-10-23,çƒ­é—¨,https://weibo.com/5092662179271085/OCSz7CTPD,"https://tvax4.sinaimg.cn/crop.0.0.1080.1080.180/008x4MJhly8huamu0v0brj30u00u0acu.jpg?KID=imgbed,tva&Expires=1729876445&ssig=OyqmXyu2Lw",TFå®¶æ—-å¼ å­å¢¨,https://weibo.com/u/7817822375,0
5093288207452192,34,13,11,ç¾å›½,"è”åˆå›½ä½œä¸ºä¸–ç•Œä¸Šå”¯ä¸€çœŸæ­£å…·æœ‰æ™®éæ€§çš„å…¨çƒç»„ç»‡æ˜¯åº”å¯¹ä»…é ä¸€ä¸ªå›½å®¶æ— æ³•å¾—åˆ°è§£å†³çš„è·¨å›½ç•Œé—®é¢˜çš„æœ€é‡è¦è®ºå›è”åˆå›½çš„å·¥ä½œä¸»è¦é›†ä¸­åœ¨å’Œå¹³ä¸å®‰å…¨ã€å¯æŒç»­å‘å±•ã€äººæƒå’Œäººé“ä¸»ä¹‰æ´åŠ©è€…å››å¤§é¢†åŸŸæˆ‘ä»¬ç§¯æåœ°ä¸ºåœ°çƒä¸Šæ¯ä¸€ä¸ªåœ°æ–¹ã€æ¯ä¸€ä½éœ€è¦å¸®åŠ©çš„äººæ°‘æœåŠ¡

è”åˆå›½çš„å·¥ä½œåŒ…æ‹¬
ğŸ‡ºğŸ‡³ é¢„é˜²å†²çª
ğŸ‡º? â€‹",461,2024-10-25,çƒ­é—¨,https://weibo.com/5093288207452192/OD8QQvgEE,"https://tvax1.sinaimg.cn/crop.0.0.600.600.180/001RFrR3ly8hdgco0yhkbj60go0go0vc02.jpg?KID=imgbed,tva&Expires=1729876445&ssig=BvtW%2Fqoos%2B",è”åˆå›½,https://weibo.com/u/1709157165,0
5093064437924711,8880,1458,4517,é™•è¥¿,"#é”¦ç»£å®‰å® ç¬¬ä¸€æ¬¡è§å¤§ç‰¢é‡Œè¿™ä¹ˆå¤šäºº#

é”¦ç»£å®‰å®å¤§ç‰¢é‡Œä¹Ÿèƒ½ä¿®ç½—åœºç½—å®œå®çš„èº«è¾¹åªè¦åŒæ—¶å‡ºç°ç½—æ…è¿œå’Œé™†å˜‰å­¦æ°”æ°›å°±ä¼šå˜å¾—å¾®å¦™èµ·æ¥[å–µå–µ]
é™†å˜‰å­¦ç°åœ¨å·²ç»åŸºæœ¬ç¡®å®šäº†ç½—å®œå®å°±æ˜¯ä»–å¯»æ‰¾å¤šå¹´çš„çœ‰çœ‰æ‰€ä»¥å¾—çŸ¥ç½—å®œå®è¢«å†¤å…¥ç‹±é©¬ä¸Šå†²åˆ°å¤§ç‰¢å°±æƒ³è¦å¸¦ç€å®œå®èµ°ä½†ç½—å®œå®ä¾æ—§åœ¨æ„ä¸¤äººä»¥å‰å‘ç”Ÿè¿‡çš„äº‹ä¸æ„¿æ„å’Œä»– â€‹",534,2024-10-24,çƒ­é—¨,https://weibo.com/5093064437924711/OD31VxfzV,"https://tvax4.sinaimg.cn/crop.0.0.1080.1080.180/005JMuHHly8hjkczzcdetj30u00u03zm.jpg?KID=imgbed,tva&Expires=1729876446&ssig=wKjjTNnq6V",è‹æ±¶æ¶›,https://weibo.com/u/5257157053,1
5093107177099771,1225,537,700,æ±Ÿè‹,"wdx #é­å¤§å‹‹è¥¿è£…live# wdx#é­å¤§å‹‹å²é‡# 

æœ‰é­å¤§å‹‹è¿™ä¹ˆä¼Ÿå¤§çš„æ¨¡ç‰¹å¿…é¡»é€Ÿä¸€ä¸‹[æŠ“ç‹‚][æŠ“ç‹‚][æŠ“ç‹‚][æŠ“ç‹‚]ï¼ˆæ‰‹æ³•ç”Ÿç–ä½†å¥‹ç¬”ç–¾ä¹¦ç‰ˆï¼‰ â€‹",119,2024-10-24,çƒ­é—¨,https://weibo.com/5093107177099771/OD48RtMYr,"https://tvax2.sinaimg.cn/crop.0.0.960.960.180/008vapk0ly8huteqcodg2j30qo0qo0ur.jpg?KID=imgbed,tva&Expires=1729876446&ssig=6ZrEdpDfz7",æ¡‰å†¬_,https://weibo.com/u/7789609692,0
5092695662138352,7906,1143,2207,å±±è¥¿,"#å®‹äºšè½©æ²ˆè…¾åšé¥­å…¨æ˜¯å–œå‰§æ•ˆæœ#

å¤ªå¯¹å‘³å„¿äº†å®‹äºšè½©å’Œæ²ˆè…¾ä¸€å¼€å£å°±æ˜¯ç†Ÿæ‚‰çš„äº’æ€¼ğŸˆ¶
ã€Šè¿™ä¸æœ‰ç£¨ğŸ”ªçš„å—ã€‹ã€Šåˆ«æŠŠè‚šçš®å’”åš“å’¯ã€‹ã€Šåˆ«æŠŠç¶é¢ çƒ‚äº†è…¾å“¥ã€‹ä½ ä¿©åœ¨ä¸€èµ·å°±æ²¡æœ‰èƒ½æ‰åœ°ä¸Šçš„æ¢—[é…·]ä¸€é¡¿é¥­åšå‡ºæ¥å…¨æ˜¯å–œå‰§æ•ˆæœæˆ‘ä»¬å“¥å¼Ÿæ¬¢å–œå†¤å®¶ä¸Šå¤§åˆ†#ç°åœ¨å°±å‡ºå‘# http://t.cn/A6nAUlWF â€‹",256,2024-10-23,çƒ­é—¨,https://weibo.com/5092695662138352/OCTr88Yhy,"https://tvax3.sinaimg.cn/crop.0.0.750.750.180/006MaaAOly8ga5r1705c4j30ku0ku3z3.jpg?KID=imgbed,tva&Expires=1729876446&ssig=t5c9efTf8J",åŒ—å²›,https://weibo.com/u/6208485122,0
5092001192086922,126627,20130,91280,åŒ—äº¬,åœ¨ç›ˆåŠ¨çš„å®‡å®™è·Œå…¥å……æ»¡ç”Ÿæœºçš„ä¹¦æµ·æƒ³è±¡ä¸@æ‘©ç™»å…„å¼Ÿåˆ˜å®‡å® ä¸€èµ·çœ‹è¿™æ˜Ÿå…‰æ³æ³âœ¨ http://t.cn/A6n7zrzl â€‹,95,2024-10-21,çƒ­é—¨,https://weibo.com/5092001192086922/OCBn18KU2,"https://tvax4.sinaimg.cn/crop.0.0.1080.1080.180/007Z6Djfly8hldzi7n7acj30u00u040u.jpg?KID=imgbed,tva&Expires=1729876446&ssig=L6opNtxGkL",åˆ˜å®‡å®LYNå·¥ä½œå®¤,https://weibo.com/u/7315867397,0
5093149611917524,4251,89,64,æ±Ÿè‹,"#åœ°å›å¶é‡ä¸ç¨‹é‘«å®‹äºšè½©å¼ çœŸæº#

åŸæ¥æ˜¯å»å’Œè®¤å…»çš„æ ‘ğŸŒ²åˆç…§äº†å“‡[æŠ±ä¸€æŠ±] â€‹",68,2024-10-24,çƒ­é—¨,https://weibo.com/5093149611917524/OD5fj82PO,"https://tvax4.sinaimg.cn/crop.0.0.1080.1080.180/cf8b13d6ly8hp709tqc6zj20u00u0ju1.jpg?KID=imgbed,tva&Expires=1729876446&ssig=Bu2I8RrmUp",Shoushouå›,https://weibo.com/u/3481998294,0
5092666980698025,142495,19484,97479,åŒ—äº¬,#ç‹è€…è£è€€å…±åˆ›ä¹‹å¤œå…¨é˜µå®¹æµ·æŠ¥# å…±åˆ›ä¹‹å¤œé‚€çº¦å·²è‡³10æœˆ27æ—¥17:30å’Œ@æ‘©ç™»å…„å¼Ÿåˆ˜å®‡å® ä¸€èµ·å¥”èµ´å³¡è°·å¬åŠ¨äººçš„å³¡è°·CPæ•…äº‹ â€‹,114,2024-10-23,çƒ­é—¨,https://weibo.com/5092666980698025/OCSGS2VAt,"https://tvax4.sinaimg.cn/crop.0.0.1080.1080.180/007Z6Djfly8hldzi7n7acj30u00u040u.jpg?KID=imgbed,tva&Expires=1729876446&ssig=L6opNtxGkL",åˆ˜å®‡å®LYNå·¥ä½œå®¤,https://weibo.com/u/7315867397,0
5092190168288433,10100,683,115,æ— ,#9ä¸ªæœˆå©´å„¿ç¦»ä¸–æœªè¢«ç•™éª¨ç°å®¶å±è·èµ”4ä¸‡#ã€#9ä¸ªæœˆå©´å„¿ç¦»ä¸–è¢«ç«åŒ–åæœªç•™éª¨ç°#å®¶é•¿å°†åŒ»é™¢æ®¡ä»ªé¦†å‘Šä¸Šæ³•åº­ã€‘è¿‘æ—¥é‡åº†æ²™åªåæ³•é™¢å®¡ç†äº†ä¸€èµ·ä¾µæƒè´£ä»»çº çº·æ¡ˆä»¶2023å¹´èƒ¡æŸã€é™ˆæŸ9ä¸ªæœˆå¤§çš„å¥³å„¿å› ç—…åœ¨åŒ»é™¢æ²»ç–—åä¸å¹¸ç¦»ä¸–å®¶é•¿å§”æ‰˜åŒ»é™¢å¤ªå¹³é—´å·¥ä½œäººå‘˜åˆ˜æŸå¤„ç†å©´å„¿é—ä½“åˆ˜æŸå°†é—ä½“äº¤åˆ°æŸæ®¡ä»ªé¦†æ®¡ä»ªé¦†å·¥ â€‹,996,2024-10-22,çƒ­é—¨,https://weibo.com/5092190168288433/OCGhOyMcp,"https://tvax3.sinaimg.cn/crop.0.0.590.590.180/002c6guQly8hksm8b8b64j60ge0geaal02.jpg?KID=imgbed,tva&Expires=1729876446&ssig=fqOY5g43To",é½é²æ™šæŠ¥,https://weibo.com/u/2011075080,0
5093090578926562,47581,15555,12819,åŒ—äº¬,#ä»»å˜‰ä¼¦[è¶…è¯]#  å³ä½¿èº«å¤„ç¼¤çº·ä¸–ç•Œä½ ä¹Ÿæ˜¯æœ€äº®çœ¼é‚£æŠ¹è‰²å½©@ä»»å˜‰ä¼¦Allen [ç»™ä½ å°å¿ƒå¿ƒ]#ä»»è‹’æ—¶å…‰# â€‹,89,2024-10-24,çƒ­é—¨,https://weibo.com/5093090578926562/OD3I5BscO,"https://tvax4.sinaimg.cn/crop.0.0.1079.1079.180/006HcgKlly8htn1hb3fgsj30tz0tzwi3.jpg?KID=imgbed,tva&Expires=1729876446&ssig=6N5yWguHoJ",ä»»å˜‰ä¼¦å·¥ä½œå®¤,https://weibo.com/u/6135103753,0
5092685074925971,48,4,5,åŒ—äº¬,"#åä¸ºçº¯è¡€é¸¿è’™9æœˆåº•æ¨å‡ºæ­£å¼ç‰ˆ#åä¸ºé¸¿è’™å‘å¸ƒä¼š# çœ‹è¿™æ ‡é¢˜æ˜¯ä¸æ˜¯æœ‰ç–‘é—®å¤§å®¶ç¬¬ä¸€ååº”å°±æ˜¯å°±åä¸ºå’Œå°ç§¯ç”µæ—©å°±äº’ç›¸æ‹‰é»‘æ’•é€¼äº†å¥½å—è€æ­»ä¸å¸¦å¾€æ¥çš„é‚£ç§

å—¯è¿™æ‰æœ‰æ„æ€å‘¢æˆ‘ä»¬éƒ½è¿™ä¹ˆä»¥ä¸ºä½†æ˜¯å°±åœ¨è¿™ä¸¤å¤©è€ç¾é‚£çˆ†ç‚¸äº†.... http://t.cn/A6nAhys2 â€‹",238,2024-10-23,çƒ­é—¨,https://weibo.com/5092685074925971/OCTa3kFt9,"https://tvax4.sinaimg.cn/crop.0.0.852.852.180/005Q62Daly8hg5mdrh18gj30no0nowft.jpg?KID=imgbed,tva&Expires=1729876446&ssig=5sy%2B43XnUe",å°±æ˜¯é…¥æ¢¨,https://weibo.com/u/5350473716,0
5093484585029949,123,0,0,å¹¿ä¸œ,"å“ˆé‡Œæ–¯å®£å¸ƒå½“é€‰æ€»ç»Ÿåå°†æŠŠé›¶å…ƒè´­æ¯æ—¥é¢åº¦æé«˜åˆ°1500ç¾å…ƒ1500ç¾å…ƒ*365å¤©=547500ç¾å…ƒæŒ‰ç…§7.1291æ±‡ç‡ç›¸å½“äº3905377.25 å…ƒäººæ°‘å¸ä¹Ÿå°±æ˜¯æ¯å¹´è¿‘400ä¸‡å…ƒ

å†·çŸ¥è¯†1å…±å’Œå…šé•¿æœŸæ‰§æ”¿çš„å¾—å…‹è¨æ–¯å·çš„é›¶å…ƒè´­æ ‡å‡†æ˜¯2500ç¾å…ƒ
å†·çŸ¥è¯†2åœ¨ä¸­å›½å¦‚æœåº—é‡Œæœ‰åº—å‘˜è¿›å…¥åº—å†…ä¸é¡¾åº—å‘˜é˜»æ‹¦æˆ–è€…å¨èƒåº—å‘˜è®©å…¶ä¸ â€‹",326,2024-10-25,çƒ­é—¨,https://weibo.com/5093484585029949/ODdXAl6wd,"https://tvax1.sinaimg.cn/crop.0.0.512.512.180/6631f351ly8hut06w2osij20e80e8aa5.jpg?KID=imgbed,tva&Expires=1729876446&ssig=nVR5%2FZoOTU",ä¸½å§è¯´å¸‚,https://weibo.com/u/1714549585,1
5093062152028875,493,26,30,æ— ,ã€#å¯»äº²å®¶é•¿ç»™æ¨å¦èŠ±å§å¦¹è¿‡ç”Ÿæ—¥#ä½ å°±æ˜¯æˆ‘ä»¬çš„å¥³å„¿ æ˜¯æˆ‘ä»¬çš„éª„å‚²ã€‘10æœˆ25æ—¥ä¸Šåˆ9ç‚¹åŠè´µé˜³å¸‚ä¸­çº§äººæ°‘æ³•é™¢å°†å¯¹ä½™åè‹±æ‹å–å„¿ç«¥æ¡ˆé‡å®¡ä¸€å®¡è¿›è¡Œå®£åˆ¤10æœˆ24æ—¥å®£åˆ¤å‰æ—¥#æ¨å¦èŠ±ç­‰è¢«æ‹å—å®³äººåŠå®¶å±æŠµè¾¾è´µé˜³#å¯»äº²å®¶é•¿ä»¬ç»™@æ¨å¦èŠ± å’Œæ¨æ¡‘è‹±ä¹°äº†è›‹ç³•ä¸ºä¸¤å§å¦¹è¿‡äº†ä¸€åœºç‰¹åˆ«çš„ç”Ÿæ—¥æ­å–œä¸¤ä¸ªå¥³å­©é‡ç”Ÿæˆ‘ â€‹,535,2024-10-24,çƒ­é—¨,https://weibo.com/5093062152028875/OD2Yf8vNN,"https://tvax2.sinaimg.cn/crop.0.0.600.600.180/622e6e3bly8h8vikrfgjrj20go0gojrz.jpg?KID=imgbed,tva&Expires=1729876447&ssig=Qda5xsVWKX",ç™¾å§“å…³æ³¨,https://weibo.com/u/1647210043,0
5092972376885747,8819,1046,244,åŒ—äº¬,#offer6è¿ˆå…¥å¤§æ¹¾åŒºè·¨å¢ƒäº‰è®®è§£å†³#éå¸¸æœŸå¾…çœ‹åˆ°å®ä¹ ç”Ÿä»¬åœ¨æ–°è¯¾é¢˜ä¸­æ€ç»´çš„ç¢°æ’ç›¸ä¿¡ä»–ä»¬çš„å¤šæ ·è§†è§’å’Œåˆ›æ„ç«èŠ±å°†å¸¦æ¥æ„æƒ³ä¸åˆ°çš„æƒŠå–œå’Œè§£å†³æ–¹æ¡ˆğŸŒŸğŸ’ª#ä»¤äººå¿ƒåŠ¨çš„offer# http://t.cn/A6n2Xl0S â€‹,178,2024-10-24,çƒ­é—¨,https://weibo.com/5092972376885747/OD0DrsTir,"https://tvax1.sinaimg.cn/crop.0.0.1080.1080.180/e9f77269ly8gid9shygc5j20u00u0dib.jpg?KID=imgbed,tva&Expires=1729876447&ssig=8kI%2FlXjSFm",ä½•è¿æ™¨Yancy,https://weibo.com/u/3925308009,0
5093455259238970,6430,1188,3504,æ±Ÿè‹,"#ä½•å¹¿æ™ºè¯´è¯ä¸€è‚¡ç­å‘³#

ä½•å¹¿æ™ºè¿™æ˜¯çœŸæŠŠé¢†é˜Ÿå½“æˆç­ä¸Šäº†è¯´è¯ä¸€è‚¡ç­å‘³é»„æ›¦å½¦èŠåˆ°è‡ªå·±è¿›å¨±ä¹åœˆå‰æƒ³å½“å¯¼æ¸¸

é»„æ›¦å½¦è¾¹æ—…è¡Œè¾¹å·¥ä½œæ˜¯æœ€å¿«ä¹çš„è¿™æ˜¯æˆ‘ä»¥å‰æœ¬æ¥æƒ³å½“å¯¼æ¸¸çš„åˆè¡·
å“ˆå¦®å…‹å­œé‚£çˆ±å¥½å˜æˆå·¥ä½œä»¥åä½ ä¼šä¸ä¼šè®¨åŒ
é»„æ›¦å½¦ å·¥ä½œä½ æœ‰å…´è¶£çš„è¯å°±ä¼šä¸€ç›´å¾ˆå–œæ¬¢æ¯å¤©éƒ½ä¼šé¢å¯¹ä¸ä¸€æ ·çš„å®¢äºº
ä½• â€‹",410,2024-10-25,çƒ­é—¨,https://weibo.com/5093455259238970/ODdchCLtE,"https://tvax3.sinaimg.cn/crop.0.0.1023.1023.180/0067QcOPly8hqhbzb9ohoj30sf0sfq45.jpg?KID=imgbed,tva&Expires=1729876447&ssig=eqPI4rdzMy",å­£è‹¥é¢œ,https://weibo.com/u/5612673679,1
5092281176294937,19615,28975,45501,åŒ—äº¬,ç¬¬ä¸€ç« å›å›½è¶Šç§¦å¼€å§‹æäº‹ä¸šäº†ğŸ’ª#æ˜¥èŠ±ç„°# http://t.cn/A6nz9lnm â€‹,63,2024-10-22,çƒ­é—¨,https://weibo.com/5092281176294937/OCIEBqpBf,"https://tvax2.sinaimg.cn/crop.0.0.1080.1080.180/006ZXlnAly8hidfom238kj30u00u0dhz.jpg?KID=imgbed,tva&Expires=1729876447&ssig=2yF8q2y3L6",Biiiiiæ¯•é›¯çº,https://weibo.com/u/6412297026,1
5093418973529014,367,52,25,å¹¿ä¸œ,"#å—é€šå°ç±³SU7äº‹ä»¶é™„è¿‘å•†æˆ·åœä¸š#
ç°åœ¨åƒç“œè¿™ä¹ˆä¸“ä¸šå—æ€ç»´å¯¼å›¾éƒ½åšå‡ºæ¥äº†[666] â€‹",73,2024-10-25,çƒ­é—¨,https://weibo.com/5093418973529014/ODcfLeO3A,"https://tvax4.sinaimg.cn/crop.0.0.996.996.180/007ZDvJgly8g84ycfl2kej30ro0rowfd.jpg?KID=imgbed,tva&Expires=1729876447&ssig=pLCxM9%2BClt",çˆ±è®°ä»‡çš„å°ç†ŠçŒ«,https://weibo.com/u/7323703082,0
5091521642365540,223535,134790,542638,æµ™æ±Ÿ,å½“å½“ï½çœ‹æˆ‘æ”¶åˆ°äº†ä»€ä¹ˆæ˜¯@æ™®ç½—æ—ºæ–¯æ¬§èˆ’ä¸¹ å†¬æ—¥é™å®šç¤¼ç›’10æœˆ21æ—¥æ™š20:30å‰å¾€æ¬§èˆ’ä¸¹æŠ–éŸ³ç›´æ’­é—´å’Œæˆ‘ä¸€èµ·GETåŒæ¬¾æŠ¤æ‰‹éœœå’Œæ²æµ´æ²¹åœ¨æ¬§èˆ’ä¸¹å†¬æ—¥é™å®šã€Œæ™®ç½—æ—ºæ–¯æŸ‘æ©˜è°ƒã€ç³»åˆ—çš„ç‹¬ç‰¹é¦™æ°”é‡Œæ„Ÿå—æ¸©æš–æ²»æ„ˆåŠ›#æŠ–éŸ³å•†åŸå¤§ç‰ŒæƒŠå–œæ—¥##æŠ–éŸ³å•†åŸåŒ11å¥½ç‰©èŠ‚# http://t.cn/A6ErzPZP â€‹,253,2024-10-20,çƒ­é—¨,https://weibo.com/5091521642365540/OCoTy9VnS,"https://tvax1.sinaimg.cn/crop.3.0.505.505.180/006aCKOzly8henow1o7b8j30e80e1js0.jpg?KID=imgbed,tva&Expires=1729876447&ssig=a7EW1ofV7M",èµµéœ²æ€çš„å¾®åš,https://weibo.com/u/5653796775,0
5093432458740067,55,16,12,æ— ,"ã€å†å²é¦–æ¬¡æ‹œç™»å°†æ­£å¼é“æ­‰[é¡¶]ã€‘#æ‹œç™»å°†å°±ç¾å›½å¼ºåˆ¶åŒåŒ–åŸä½æ°‘å„¿ç«¥æ­£å¼é“æ­‰#

æ‹œç™»å°†äºå½“åœ°æ—¶é—´25æ—¥å°±ç¾æ”¿åºœå¼ºè¿«åŸä½æ°‘å„¿ç«¥è¿›å…¥å¯„å®¿å­¦æ ¡æ­£å¼é“æ­‰

æŠ¥é“ç§°è¿™å°†æ˜¯ç¾å›½æ€»ç»Ÿé¦–æ¬¡ä¸ºå‡ ä»£ä»¥æ¥è¢«è¿«è¿›å…¥å¯„å®¿å­¦æ ¡çš„æ•°ä¸‡åå°ç¬¬å®‰å„¿ç«¥é­å—çš„æš´åŠ›è¡Œä¸ºè¿›è¡Œé“æ­‰æ­¤å‰è®¸å¤šåŸä½æ°‘å„¿ç«¥åœ¨å¯„å®¿å­¦æ ¡é­å—èº«ä½“ã€æƒ… â€‹",342,2024-10-25,çƒ­é—¨,https://weibo.com/5093432458740067/ODcBvAFGP,"https://tvax1.sinaimg.cn/crop.6.10.170.170.180/0089ZFLSly8h8uz6i4f7yj3050050dfu.jpg?KID=imgbed,tva&Expires=1729876447&ssig=Wgto3drXhz",å¤§å…¬æ–‡åŒ¯ç¶²,https://weibo.com/u/7476748260,0
5093461705887207,1840,513,823,å†…è’™å¤,"#ç‹æº[è¶…è¯]#  â˜”ï¸#æ±ªè‹æ³·å˜‰å®¾ç‹æº#

241025 ä¸Šæµ·
è¿™åœºé›¨ ç¥å¤§å®¶ å¹³å®‰ å–œä¹ğŸ’–
@TFBOYS-ç‹æº http://t.cn/A6nUIxDZ â€‹",113,2024-10-25,çƒ­é—¨,https://weibo.com/5093461705887207/ODdmGoHwX,"https://tvax1.sinaimg.cn/crop.0.0.1242.1242.180/005C2Bqvly8fop4f1j36mj30yi0yijug.jpg?KID=imgbed,tva&Expires=1729876447&ssig=9jk%2FWCyjAI",ç‹æºçºªå¹´_Royera,https://weibo.com/u/5142785455,0
5092661712654691,87386,11809,60812,æµ™æ±Ÿ,å¤©ç§¤çš„æœ€åä¸€å¤©ğŸ‚ â€‹,18,2024-10-23,çƒ­é—¨,https://weibo.com/5092661712654691/OCSynb8BB,"https://tvax3.sinaimg.cn/crop.0.0.512.512.180/006KbCPKly8hqgo65ycqcj30e80e8q3k.jpg?KID=imgbed,tva&Expires=1729876447&ssig=RVxkyyzfLT",åˆ˜äº›å®,https://weibo.com/u/6179279336,0
5093429991703301,18147,3626,1267,åŒ—äº¬,"è¿™è§’åº¦ å¯å¤ªè§’åº¦äº† 

#å°æ—©æŠ«è†æ–©æ£˜è¿è½½æ—¥è®°##æ—©å®‰æˆå›¢##æŠ«è†æ–©æ£˜# http://t.cn/A6nUbq8I â€‹",83,2024-10-25,çƒ­é—¨,https://weibo.com/5093429991703301/ODcxx796B,"https://tvax4.sinaimg.cn/crop.0.0.512.512.180/9c1d2d18ly8hmste8zq93j20e80e8aam.jpg?KID=imgbed,tva&Expires=1729876447&ssig=glm3xy4dce",æ—©å®‰æ²¡åƒé¥±,https://weibo.com/u/2619157784,0
5093487879915100,0,0,0,æ— ,å–å•¥éƒ½æ²¡æœ‰ç”¨å°±æ˜¯è¦ç¡è§‰å‘¢ â€‹,0,2024-10-25,å®æ—¶,https://weibo.com/5093487879915100/ODe2TFBmY,"https://tvax2.sinaimg.cn/crop.0.0.642.642.180/e829c892ly8h5pq28sibcj20hu0hudgq.jpg?KID=imgbed,tva&Expires=1729876449&ssig=kVH2TqnpEU",å«è‰ºéœ–çª,https://weibo.com/u/3895052434,0
5093488062628879,0,0,0,æ— ,çœŸçš„ä¼šæœ‰å¾ˆæ€€ç–‘è‡ªå·±æ˜¯ä¸æ˜¯ä¸€ä¸ªå¾ˆç³Ÿç³•çš„äºº â€‹,0,2024-10-25,å®æ—¶,https://weibo.com/5093488062628879/ODe3cb1Th,"https://tvax2.sinaimg.cn/crop.0.0.1080.1080.180/0065ygoQly8hk51t5297bj30u00u0wh0.jpg?KID=imgbed,tva&Expires=1729876449&ssig=LAuU6J6ApN",KwnBwkJwbkwochbJw,https://weibo.com/u/5578844868,0
5093487995782674,1,0,0,æ— ,è‹¹æœçœŸå¥½åƒğŸ˜‹  â€‹,0,2024-10-25,å®æ—¶,https://weibo.com/5093487995782674/ODe35ogkW,"https://tva4.sinaimg.cn/crop.0.0.750.750.180/3e0ee9d2jw8f4acc1wcb3j20ku0kut9u.jpg?KID=imgbed,tva&Expires=1729876449&ssig=LukIst92e0",é›¨-è½ä¸ä¸Šå¤©,https://weibo.com/u/1041164754,0
5093488062628430,0,0,0,æ— ,è¿™ä¸‰ä½å¤§ä½¬æ˜¯è°å•Šæ±‚ç§‘æ™® â€‹,0,2024-10-25,å®æ—¶,https://weibo.com/5093488062628430/ODe3cb1M2,"https://tvax1.sinaimg.cn/crop.0.0.1080.1080.180/a4311921ly8hj0kcbgcz6j20u00u0q56.jpg?KID=imgbed,tva&Expires=1729876449&ssig=rp7oOqwNTo",ma0318luck,https://weibo.com/u/2754681121,0
5093487318143261,0,0,0,æ— ,åˆ†äº«å›¾ç‰‡ â€‹,0,2024-10-25,å®æ—¶,https://weibo.com/5093487318143261/ODe1ZyaqV,"https://tva4.sinaimg.cn/crop.0.0.1242.1242.180/be69564cjw8fcpcyyr5vxj20yi0yi0y3.jpg?KID=imgbed,tva&Expires=1729876449&ssig=0QB8DbGr4m",å¤´å¤§åˆ«æ‰å°æªæª,https://weibo.com/u/3194574412,0
5093488061841891,0,0,0,æ— ,æ¥è´¢æ¥è´¢æ¥è´¢ â€‹,0,2024-10-25,å®æ—¶,https://weibo.com/5093488061841891/ODe3c7J9V,"https://tvax3.sinaimg.cn/crop.0.0.512.512.180/007e3Msrly8hpgsfvb9yaj30e80e8q33.jpg?KID=imgbed,tva&Expires=1729876449&ssig=2kqxD6J%2Fe5",é½ç”œerr,https://weibo.com/u/6620699787,0
5093487156662158,1,1,0,æ— ,"å¤œå½’æœ‰é›¨
æ«å¶è·¯ç¯ä¸‹ â€‹",0,2024-10-25,å®æ—¶,https://weibo.com/5093487156662158/ODe1JrX8a,"https://tvax2.sinaimg.cn/crop.0.0.512.512.180/5b194369ly8huheqm5cw0j20e80e8wgn.jpg?KID=imgbed,tva&Expires=1729876449&ssig=IdYK%2FMkUHC",Chinaå¨œçˆ·,https://weibo.com/u/1528382313,0
5093488033009273,0,0,0,æ— ,åˆ†äº«å›¾ç‰‡  â€‹,0,2024-10-25,å®æ—¶,https://weibo.com/5093488033009273/ODe39cCQF,"https://tvax2.sinaimg.cn/crop.0.0.512.512.180/006qigpnly8hs76y44w5aj30e80e8tad.jpg?KID=imgbed,tva&Expires=1729876449&ssig=NF7nCLeZex",-æ˜¯éº¦mai,https://weibo.com/u/5885334709,0
5093488060531463,0,0,0,æ— ,æ˜å¤©å°±æ„Ÿæ©åº†å…¸ç›´æ’­äº†æ¿€åŠ¨ä¸­åˆå¸¦ç€ææƒ§æ€•ç»™æˆ‘ç«¯å‡ºæ¥ä¸€å¨[å¾®ç¬‘] â€‹,0,2024-10-25,å®æ—¶,https://weibo.com/5093488060531463/ODe3c2efZ,"https://tvax1.sinaimg.cn/crop.0.0.630.630.180/006eaaBoly8huw2ba6pscj30hi0higne.jpg?KID=imgbed,tva&Expires=1729876449&ssig=iYohjwzUSX",å—ç“œé…å°ç±³ç²¥,https://weibo.com/u/5706089734,0
5093488058966173,0,0,0,æ— ,"ç¬‘æ­»äº†ä¸‰å—é’±çš„è¯ä¹Ÿæ˜¯è¢«æˆ‘åƒä¸Šäº†
å¥½ç‰›å•Š â€‹",0,2024-10-25,å®æ—¶,https://weibo.com/5093488058966173/ODe3bBCvH,"https://tvax2.sinaimg.cn/crop.0.0.828.828.180/006rAiqaly8hkc104zq81j30n00n0wfg.jpg?KID=imgbed,tva&Expires=1729876449&ssig=HxoloeAADW",é…·é…·å‡è‚¥é…·é…·ç˜¦,https://weibo.com/u/5904408686,0
5093482466640212,0,1,0,æ— ,å¿ƒç´¯ â€‹,0,2024-10-25,å®æ—¶,https://weibo.com/5093482466640212/ODdUarRqc,"https://tvax1.sinaimg.cn/crop.0.0.1080.1080.180/008EKca0ly8hut036g8f8j30u00u0wj8.jpg?KID=imgbed,tva&Expires=1729876449&ssig=Tgi%2Fc28CJ1",ç­‰ä¸€åœºæ—¥æš®,https://weibo.com/u/7931125932,0
5093488058962489,0,0,0,æ— ,ç¥æ•æ„Ÿåˆæ‹§å·´çš„å°å­©å˜æˆå¤§æ–¹è¡¨è¾¾çˆ±çš„äºº â€‹,0,2024-10-25,å®æ—¶,https://weibo.com/5093488058962489/ODe3bBByh,"https://tvax1.sinaimg.cn/crop.0.0.960.960.180/b0b2fd30ly8hggjmqg4m7j20qo0qon0c.jpg?KID=imgbed,tva&Expires=1729876449&ssig=wb5Hi4a6Pa",å½“ç„¶æ— é›¨å¤©,https://weibo.com/u/2964520240,0
5093488022784872,0,0,0,æ— ,26ğŸ‚ â€‹,0,2024-10-25,å®æ—¶,https://weibo.com/5093488022784872/ODe38bGti,"https://tvax2.sinaimg.cn/crop.0.0.1080.1080.180/008vokGKly8htbxxjtmxrj30u00u0wgf.jpg?KID=imgbed,tva&Expires=1729876449&ssig=M395VC%2BYXK",è§‚å¤•ä¹‹,https://weibo.com/u/7792928474,0
5093488058960102,0,0,0,æ— ,è¿™ä¸€åˆ»çš„å«é‡‘é‡æ»¡æ»¡ â€‹,0,2024-10-25,å®æ—¶,https://weibo.com/5093488058960102/ODe3bBAVM,"https://tvax3.sinaimg.cn/crop.0.0.980.980.180/621bfef9ly8hqftiq36o4j20r80r876g.jpg?KID=imgbed,tva&Expires=1729876449&ssig=L9vz1s2tS3",xiaomai-Z,https://weibo.com/u/1646001913,0
5093487756185048,1,0,0,æ— ,è€æ¿è¯·å®¢è°¢è°¢å•¦ â€‹,0,2024-10-25,å®æ—¶,https://weibo.com/5093487756185048/ODe2HpX0Q,"https://tvax4.sinaimg.cn/crop.0.0.1080.1080.180/7f59fd5bly8g2zjdn2l07j20u00u0mzl.jpg?KID=imgbed,tva&Expires=1729876449&ssig=TxOW7oYJpM",ZAISOMMOSIAZ,https://weibo.com/u/2136603995,0
5093488058701954,0,0,0,æ— ,è°æ¬ºè´Ÿä½ äº† â€‹,0,2024-10-25,å®æ—¶,https://weibo.com/5093488058701954/ODe3bAvM6,"https://tvax4.sinaimg.cn/crop.0.0.690.690.180/005Hl2jIly8h63t8mbbg2j30j60j6aa7.jpg?KID=imgbed,tva&Expires=1729876449&ssig=R0BfosXvUN",ä¸€ç‰‡ç‹‚å–œçš„åœŸè±†,https://weibo.com/u/5221060406,0
5093487878603988,1,1,0,æ— ,"æˆ‘æƒ³å‘ä¸ªæœ‹å‹åœˆå‘å‘ç‰¢éªšæƒ³äº†æƒ³å¥½åƒä¸å¤ªåˆé€‚æˆ‘æƒ³æ‰¾ä¸ªäººå€¾è¯‰ä¸€ä¸‹å‹æŠ‘çš„å¿ƒæƒ…ä¹Ÿæ²¡æ‰¾åˆ°é‚£ä¸ªå¯ä»¥å€¾è¯‰çš„äººäºæ˜¯æˆ‘æœ‰åƒå¾€å¸¸ä¸€æ ·å’½ä¸‹æ‰€æœ‰çš„æƒ…ç»ªå§”å±ˆğŸ¥¹
å¥½äº†æ™šå®‰ğŸ’¤ â€‹",0,2024-10-25,å®æ—¶,https://weibo.com/5093487878603988/ODe2TA6i0,"https://tvax1.sinaimg.cn/crop.0.0.940.940.180/007dEoOLly8hstff8qng5j30q40q4q5a.jpg?KID=imgbed,tva&Expires=1729876449&ssig=6P48xaOheo",åŠé¢—è”æYO,https://weibo.com/u/6614650715,0
5093487657620742,1,0,0,æ— ,æ–­è”äº”ä¸ªæœˆæˆ‘éƒ½æ²¡æœ‰æ€ªè¿‡ä½ ä½ çœŸçš„ä¼¤åˆ°æˆ‘äº†æ€ä¹ˆåŠæˆ‘å¥½æƒ³æ¨ä½  â€‹,0,2024-10-25,å®æ—¶,https://weibo.com/5093487657620742/ODe2xvYvc,"https://tvax2.sinaimg.cn/crop.0.0.1080.1080.180/008zHt8oly8hn0f5dojtbj30u00u0djv.jpg?KID=imgbed,tva&Expires=1729876449&ssig=lj46DbzYmP",å¬·ä½ å¦¹,https://weibo.com/u/7856594516,0
5093488058698829,0,0,0,æ— ,"å¦ˆå¦ˆæ¡äº†ä¸€åªè¢«å°ç‹—æ¬ºè´Ÿç€çš„ æ²¡äººè®¤é¢†çš„å°çŒ« ä¼šæ—©æ—©ç»™ä½ æ‰¾åˆ°ä¸€ä¸ªå¥½äººå®¶
å¸Œæœ›æ¯ä¸€ä¸ªå¯çˆ±çš„ç”Ÿå‘½éƒ½èƒ½è¢«çˆ±

è€³æœºè€å…¬â·å·æ˜å¤©è§ğŸ˜ â€‹",0,2024-10-25,å®æ—¶,https://weibo.com/5093488058698829/ODe3bAuXH,"https://tvax4.sinaimg.cn/crop.0.0.1080.1080.180/006VLV90ly8h3bc9dk5p7j30u00u07b6.jpg?KID=imgbed,tva&Expires=1729876449&ssig=LbUAJPFeI7",ç³–ç‚’èåœä¸,https://weibo.com/u/6350469226,0
5093488058697866,0,0,0,æ— ,æ€»è§‰å¾—è¸¢è…¿å˜æˆäº†å‡ çˆ±è±†å†…éƒ¨æ–°çš„æ½®æµ â€‹,0,2024-10-25,å®æ—¶,https://weibo.com/5093488058697866/ODe3bAuIa,"https://tvax3.sinaimg.cn/crop.0.0.960.960.180/007cSYJwly8huu89bq368j30qo0qogox.jpg?KID=imgbed,tva&Expires=1729876449&ssig=mxzSF3iWap",å¤§çŒ«å•µå’ªå•µ,https://weibo.com/u/6603349030,0
5093487660238269,1,0,0,æ— ,ç°åœ¨ç½‘è´­çœŸæ˜¯æŠ˜ç£¨äººä¸œçœ‹è¥¿æ¯”ä»¥ä¸ºæ˜¯ä½ä»·ä¹°çš„ç»“æœä¸€çœ‹é—®å¤§å®¶åˆ«äººä¹°åˆ°çš„ä»·æ ¼å¯èƒ½è®©ä½ ç¬é—´æ€€ç–‘æ™ºå•†è¿˜æœ‰ä»€ä¹ˆç›´æ’­é—´å•ç‹¬ä¸€ä¸ªä»·ç©·äººç°åœ¨ç½‘è´­æ‰æ˜¯æ¯«æ— ä¹è¶£å¯è¨€ â€‹â€‹â€‹,0,2024-10-25,å®æ—¶,https://weibo.com/5093487660238269/ODe2y0ZZ3,"https://tvax4.sinaimg.cn/crop.0.0.690.690.180/a15b708dly8hp31tq5phfj20j60j6q42.jpg?KID=imgbed,tva&Expires=1729876450&ssig=f2dwvG7uJE",å°è‘«èŠ¦ä¸ç³Šç³Š,https://weibo.com/u/2707124365,0
5093487689862968,1,0,0,æ— ,"18ä¸€ä»½çš„åˆºå®¢
ä¼ºå€™å¤§çˆ·äº†â€¦. â€‹",0,2024-10-25,å®æ—¶,https://weibo.com/5093487689862968/ODe2AFnO8,"https://tvax1.sinaimg.cn/crop.0.0.1080.1080.180/00850Lfely8hszetxn2rzj30u00u0dhr.jpg?KID=imgbed,tva&Expires=1729876450&ssig=Ydud0wr7nw",ç»™æˆ‘ä¸€ç“¶é­”æ³•è¯æ°´V,https://weibo.com/u/7403125948,0
5093475232780199,2,0,0,æ— ,æ”¶è·ä¸€åªå°é¼ é¼ [çˆ±æ…•] â€‹,0,2024-10-25,å®æ—¶,https://weibo.com/5093475232780199/ODdIvbFfV,"https://tvax4.sinaimg.cn/crop.0.0.512.512.180/0079SE0Nly8hkht2pz2odj30e80e875s.jpg?KID=imgbed,tva&Expires=1729876450&ssig=0UJfcP3Wrm",iMCcw817,https://weibo.com/u/6558940369,0
5093476071640777,1,0,0,æ— ,withé…·è¿ª[ç…§ç›¸æœº] â€‹,0,2024-10-25,å®æ—¶,https://weibo.com/5093476071640777/ODdJR6SQ9,"https://tvax1.sinaimg.cn/crop.0.0.1080.1080.180/007bptwJly8htvc3dvkwdj30u00u0q6z.jpg?KID=imgbed,tva&Expires=1729876450&ssig=ISB3yzeCwP",roujiangecho,https://weibo.com/u/6581541225,0
5093475599258474,2,0,0,æ— ,"20241025OOTDç´«è‰²é•¿è¢–è£™+é»‘è‰²ä¸ç»’é©¬ç”²
ç¡äº†ä¸ªé¥±è§‰â€‹æ™¨èµ·ä¾æ—§ä¸èŠ±æ‹ç…§åˆé¤åå’Œé˜¿å¦ˆå‡ºé—¨ä¹°ç‚¹èœå¸¦ä¸ªå°è›‹ç³•æ˜å¤©åƒåˆç»™å¥¹ä¹°äº†ä¸¤ç®±ç‰›å¥¶

å›æ¥åå°†å°†ä¸€ç‚¹å¤šé˜¿å«‚é—®è¿˜æœ‰æ—¶é—´å»å°é•‡å–ä¸€æ¯å—æˆ‘è¯´å½“ç„¶ä¸«æ¥è€ç‹è¿˜æœ‰ç‚¹æ—¶é—´ä¾¿å’Œé˜¿å«‚åˆå»å°é•‡ä¸€åœˆç»§ç»­éšæ‰‹æ‹ç…§

â€‹ä»Šå¤©çš„è£™ç¨çŸ­å°ç²—è…¿å®¹æ˜“ â€‹",0,2024-10-25,å®æ—¶,https://weibo.com/5093475599258474/ODdJ5CQye,"https://tvax3.sinaimg.cn/crop.0.0.1080.1080.180/6fb51da6ly8hfgmc3mhk2j20u00u00z0.jpg?KID=imgbed,tva&Expires=1729876450&ssig=A0G9kV6BZ2",æœæœlin,https://weibo.com/u/1874140582,0
5093473038371006,1,0,0,æ— ,éº¦æ©è‰çš„ 00:52ç§’ â€‹,0,2024-10-25,å®æ—¶,https://weibo.com/5093473038371006/ODdEXz7Ge,"https://tvax3.sinaimg.cn/crop.0.0.1080.1080.180/005XG6dMly8hsj2g3si1qj30u00u0q4a.jpg?KID=imgbed,tva&Expires=1729876450&ssig=aJLga1W1Ln",æˆ‘ä¸çˆ±ç‚¸æ¯›,https://weibo.com/u/5462501678,0
5093468306932696,1,1,0,æ— ,è¿˜æ˜¯å¾ˆå–œæ¬¢çˆ¬å±± â€‹,0,2024-10-25,å®æ—¶,https://weibo.com/5093468306932696/ODdxkt5vG,"https://tvax4.sinaimg.cn/crop.0.0.1080.1080.180/92e0a4bfly8hgf8ezybncj20u00u076h.jpg?KID=imgbed,tva&Expires=1729876450&ssig=ARlpe6i%2BDj",ç™½æ²³æ´›ä¹¦,https://weibo.com/u/2464195775,0
5093467539116185,0,1,0,æ— ,æ‹¾ä¸€ç‰‡å¤ªè¿‡ç¾å¥½çš„å¤•é˜³ â€‹,0,2024-10-25,å®æ—¶,https://weibo.com/5093467539116185/ODdw5Cfxf,"https://tvax3.sinaimg.cn/crop.0.0.512.512.180/002e3onsly8gvijg8nwvgj60e80e8t9002.jpg?KID=imgbed,tva&Expires=1729876450&ssig=fBDjD70iZl",836çš„é¦™å­,https://weibo.com/u/2039943062,0
5093475370929065,2,2,0,æ— ,"æé£ä»Šå¤©ä¸å‘ç‰©æ–™æ˜¯ä¸æ˜¯ä¸ºäº†ç»™æˆ‘ä»¬å……è¶³çš„æ—¶é—´å»touræç§€æ»¡é‚£ä¸ªå›¢

æˆ‘é¦–é¡µå·²ç»è¢«æç§€æ»¡åˆ·å±äº† â€‹",0,2024-10-25,å®æ—¶,https://weibo.com/5093475370929065/ODdIJ3TGV,"https://tvax1.sinaimg.cn/crop.0.0.1080.1080.180/006yb76Gly8huublm57chj30u00u0djd.jpg?KID=imgbed,tva&Expires=1729876451&ssig=X7w%2Fj6rxYq",_ç„¡æ¢è¨æ•ˆç‡,https://weibo.com/u/6001841346,0
5093475483915131,8,2,0,æ— ,å”‰ ğŸ„ç”Ÿæ—¥è¿˜æ˜¯èµ¢çš„gg ç»“æœè´Ÿè´£é‡‡è®¿çš„æ˜¯æ™“æ™“ â€‹,0,2024-10-25,å®æ—¶,https://weibo.com/5093475483915131/ODdIUgqvh,"https://tvax2.sinaimg.cn/crop.0.0.1080.1080.180/007nMBGrly8huyijidp7lj30u00u041f.jpg?KID=imgbed,tva&Expires=1729876451&ssig=BGGrTJfpuo",å†æ¼”å¨,https://weibo.com/u/6764370155,0
5093468369847183,0,3,0,æ— ,æœ€è¿‘çš„å¤©ç©ºå¥½ç¾ğŸŒŒ  â€‹,0,2024-10-25,å®æ—¶,https://weibo.com/5093468369847183/ODdxqFjHx,"https://tvax3.sinaimg.cn/crop.0.0.160.160.180/9d6f5a27ly8hpbo9ujrtwj204g04gjr9.jpg?KID=imgbed,tva&Expires=1729876451&ssig=FA5IaCB4Oy",sivyershan,https://weibo.com/u/2641320487,0
5093462022034288,4,4,0,æ— ,æ–°ä¸€å‘¨åŠ›é‡âœ… â€‹,0,2024-10-25,å®æ—¶,https://weibo.com/5093462022034288/ODdnc8xd6,"https://tvax3.sinaimg.cn/crop.0.0.1080.1080.180/7812dbf8ly8h3ac3fwoqpj20u00u0jxh.jpg?KID=imgbed,tva&Expires=1729876451&ssig=Vyw%2FRodL2r",celiababyç‰§ç¾Šäºº,https://weibo.com/u/2014501880,0
5093473110202965,2,0,0,æ— ,åˆ†äº«å›¾ç‰‡ â€‹,0,2024-10-25,å®æ—¶,https://weibo.com/5093473110202965/ODdF50QND,"https://tvax3.sinaimg.cn/crop.0.0.548.548.180/0074Pqu7ly8ht7j3pn0njj30f80f8mx9.jpg?KID=imgbed,tva&Expires=1729876451&ssig=Z8EPKDDA%2Bh",ä¸æƒ³æƒ³æƒ³æ—©èµ·_,https://weibo.com/u/6484291707,0
5093467779240431,0,2,0,æ— ,å®¶é—¨å£ç¾ä¸½çš„é£æ™¯å‡è£…åœ¨æ¸¡å‡#å‘¨æœ«æ—¶å…‰##éšæ‰‹è®°å½•ç¾å¥½ç”Ÿæ´»# â€‹,0,2024-10-25,å®æ—¶,https://weibo.com/5093467779240431/ODdwtCLRd,"https://tvax4.sinaimg.cn/crop.0.0.512.512.180/5993a1f5ly8ge0fouxlq3j20e80e8755.jpg?KID=imgbed,tva&Expires=1729876451&ssig=tHHFNh%2FFD9",soo-soo,https://weibo.com/u/1502847477,0
5093475465040015,2,2,0,æ— ,"ç¾é£Ÿ part 2ï¸âƒ£

æµ·å—ç±³é¥­å¥½é¦™ğŸš  â€‹",0,2024-10-25,å®æ—¶,https://weibo.com/5093475465040015/ODdISl98z,"https://tvax1.sinaimg.cn/crop.0.0.1080.1080.180/3bdaac85ly8hlgtpqxj9xj20u00u0jt4.jpg?KID=imgbed,tva&Expires=1729876451&ssig=rgxUA5Iw8b",è¿™è¿™ä¹Ÿå¤ªç”œäº†å§,https://weibo.com/u/1004186757,0
5093473131169946,3,2,0,æ— ,å¬è¯´å‘è‡ªæ‹ä¼šå˜å¥½çœ‹å“¦[æ€è€ƒ][æ€è€ƒ][æ€è€ƒ] â€‹,0,2024-10-25,å®æ—¶,https://weibo.com/5093473131169946/ODdF74Um6,"https://tvax2.sinaimg.cn/crop.0.0.1080.1080.180/a69254e0ly8hnxxpi0oppj20u00u0wge.jpg?KID=imgbed,tva&Expires=1729876451&ssig=PvLAsLoenR",Flipped-xx,https://weibo.com/u/2794607840,0
5093419927999502,44,9,0,æµ™æ±Ÿ,72å°æ—¶å®Œå…¨çˆ±ä¸ŠåŒ—äº¬  â€‹,38,2024-10-25,åŒåŸ,https://weibo.com/5093419927999502/ODchixz2e,"https://tvax4.sinaimg.cn/crop.0.0.512.512.180/007KDzs8ly8h06w14rwf5j30e80e8q3t.jpg?KID=imgbed,tva&Expires=1729876453&ssig=3EOoARp6vi",-è¥¿è¾¹æœ‰åº§æ¡¥-,https://weibo.com/u/7102072356,0
5091265922206480,52,15,4,åŒ—äº¬,"å¡å³°å²­â€¢åæœˆçš„çº¢å¶ç››å®´ğŸ
#ä¸å¯è¾œè´Ÿçš„åŒ—äº¬ç»ç¾ç§‹è‰²#
å ªæ¯”éœœå¶çº¢äºäºŒæœˆèŠ±çš„é»„æ Œ
é˜³å…‰æ´’åœ¨å¶ç‰‡ä¸Š é—ªé—ªå‘å…‰
çœŸæ˜¯ä¸€åœºè§†è§‰ç››å®´ğŸƒğŸ‚  â€‹",146,2024-10-19,åŒåŸ,https://weibo.com/5091265922206480/OCif69g0o,"https://tvax3.sinaimg.cn/crop.0.0.750.750.180/c1532d4bly8fo4q79v6nxj20ku0kujsj.jpg?KID=imgbed,tva&Expires=1729876453&ssig=EBF1yu5sDK",cçº¯çº¯çº¯æ´,https://weibo.com/u/3243453771,0
5093483805939488,0,1,0,åŒ—äº¬,å¤ªé˜³å½“ç©ºç…§èŠ±å„¿å¯¹æˆ‘ç¬‘[é€èŠ±èŠ±]  â€‹,50,2024-10-25,åŒåŸ,https://weibo.com/5093483805939488/ODdWkoV8c,"https://tvax2.sinaimg.cn/crop.0.0.812.812.180/006xTTDGly8hq1bxup872j30mk0mkt9o.jpg?KID=imgbed,tva&Expires=1729876453&ssig=vKfDocY%2B2B",ç™½æ—¥æ¢¦æƒ³å®¶_æ¥ ,https://weibo.com/u/5997738000,0
5093429015481222,1,2,0,åŒ—äº¬,"ğŸ“ç´«ç¦åŸÂ·æ•…å®«çº¢
          çº¢å¢™é»›ç“¦ äººæ¥äººå¾€ğŸ‡¨ğŸ‡³  â€‹",78,2024-10-25,åŒåŸ,https://weibo.com/5093429015481222/ODcvXmZUO,"https://tvax3.sinaimg.cn/crop.0.0.1080.1080.180/006kvi2sly8hp3edl6o3vj30u00u0djc.jpg?KID=imgbed,tva&Expires=1729876453&ssig=MjygdcKVer",å°æ·˜æ°”520Y,https://weibo.com/u/5799781224,0
5093488033271680,0,0,0,åŒ—äº¬,ä»å—èµ°åˆ°åŒ—ä»ç™½èµ°åˆ°é»‘âš¡ï¸ğŸƒğŸ§œ  â€‹,55,2024-10-25,åŒåŸ,https://weibo.com/5093488033271680/ODe39dJ72,"https://tvax3.sinaimg.cn/crop.0.0.1080.1080.180/bb646376ly8g4w0isd3fcj20u00u0mz4.jpg?KID=imgbed,tva&Expires=1729876453&ssig=%2BS60W3u1Sx",é’æ²é”¦_LOLO,https://weibo.com/u/3143918454,0
5093290502785316,0,2,0,åŒ—äº¬,hyqæœ‰æ²¡æœ‰æ˜å¤©è¦å»çœ‹å°è²çš„[å¯æ€œ]iäººæ±‚å¸¦ â€‹,38,2024-10-25,åŒåŸ,https://weibo.com/5093290502785316/OD8UybGAs,"https://tvax4.sinaimg.cn/crop.0.0.424.424.180/e4f1682fly8h4c2tyrdvrj20bs0bs74f.jpg?KID=imgbed,tva&Expires=1729876453&ssig=AIQP0C4yGh",è‰¾å–œä¸è•¾ä¼Š,https://weibo.com/u/3841026095,0
5093080892182213,133,10,0,æ±Ÿè‹,ğŸ–¤ â€‹,4,2024-10-24,åŒåŸ,https://weibo.com/5093080892182213/OD3st99GZ,"https://tvax4.sinaimg.cn/crop.0.0.1080.1080.180/94675839ly8huonsdi2fwj20u00u0ad9.jpg?KID=imgbed,tva&Expires=1729876453&ssig=mVe19HFCO7",åæ´¾å†·é…·å‚²å¨‡å°ç‹—,https://weibo.com/u/2489800761,0
5093487873623359,0,0,0,æ²³åŒ—,"è§é¢å¼€å¿ƒå›å®¶å¼€å¿ƒä¸€ç›´å¼€å¿ƒ[å½©è™¹å±]

ç¾å¥½çš„åˆä¸­ç”Ÿæ´»[åŠªåŠ›]ç¾¡æ…•äº†  â€‹",86,2024-10-25,åŒåŸ,https://weibo.com/5093487873623359/ODe2TfcBh,"https://tvax1.sinaimg.cn/crop.0.0.1000.1000.180/006EerTAly8hph1vk8uudj30rs0rtgmz.jpg?KID=imgbed,tva&Expires=1729876453&ssig=pMtc34buP5",æ— æ•Œéœ¹é›³é‡‘åˆšåŠ›ç¾ä¹,https://weibo.com/u/6091294258,0
5093289084846139,1,0,0,åŒ—äº¬,å“­å®Œç¡ä¸€è§‰èµ·æ¥æ•´ä¸ªè„‘å’Œçœ¼å‘¨éƒ½æ˜¯å—¡å—¡çš„[æ™•]æ™•ä¹ â€‹,44,2024-10-25,åŒåŸ,https://weibo.com/5093289084846139/OD8SgkkHx,"https://tvax3.sinaimg.cn/crop.0.0.1080.1080.180/008ngVdlly8hlr88ter2hj30u00u00uc.jpg?KID=imgbed,tva&Expires=1729876453&ssig=%2F2UVEBG6Pr",Bebetterman_o,https://weibo.com/u/7672951567,0
5093401986337228,4,2,0,æ¹–å—,å°ç¾å·«å¸ˆå¼€å­¦å’¯ğŸ˜†ğŸª„ğŸ§™ğŸ»â€â™‚ï¸ğŸ‚ğŸ  â€‹,69,2024-10-25,åŒåŸ,https://weibo.com/5093401986337228/ODbOmqABm,"https://tvax2.sinaimg.cn/crop.0.0.700.700.180/d93f244bly8hq3acv3ndmj20jg0jgmyd.jpg?KID=imgbed,tva&Expires=1729876453&ssig=Bf6vFAq4nB",ç”œé¥¼å½,https://weibo.com/u/3644793931,0
5093354633953321,6,1,0,åŒ—äº¬,å°å­¦ç”ŸåŒ—æ¼‚ä¹‹ğŸ¢universal  â€‹,48,2024-10-25,åŒåŸ,https://weibo.com/5093354633953321/ODazZgArf,"https://tvax4.sinaimg.cn/crop.0.0.512.512.180/007b0gcely8hdtbsrbmj6j30e80e8wf7.jpg?KID=imgbed,tva&Expires=1729876454&ssig=dT8eyyz1Xj",cbbdalian,https://weibo.com/u/6575531782,0
5092365349948809,5,3,0,åŒ—äº¬,æ¥è‡ªCBDçš„å‹è¿«æ„Ÿ  â€‹,35,2024-10-22,åŒåŸ,https://weibo.com/5092365349948809/OCKQmFK8F,"https://tvax3.sinaimg.cn/crop.0.0.1024.1024.180/005PCkSjly8hrbsoimqfaj30sg0sgdi5.jpg?KID=imgbed,tva&Expires=1729876454&ssig=XXKGqZd3OI",ä¸€åªç¨‹è€å¸ˆ_,https://weibo.com/u/5343394007,0
5092728431968890,1,0,0,åŒ—äº¬,"ğŸ–¤
ğŸ¤  â€‹",30,2024-10-23,åŒåŸ,https://weibo.com/5092728431968890/OCUhZ8gci,"https://tvax2.sinaimg.cn/crop.0.0.512.512.180/0081Otwily8hkljo6664vj30e80e83yp.jpg?KID=imgbed,tva&Expires=1729876454&ssig=Jm1DpamGDi",æ˜¯æ©™å­en,https://weibo.com/u/7355868870,0
5093441811519360,1,1,0,åŒ—äº¬,å¬›çƒå½±åŸâœ”ï¸  â€‹,33,2024-10-25,åŒåŸ,https://weibo.com/5093441811519360/ODcQB6nfO,"https://tvax4.sinaimg.cn/crop.0.0.1070.1070.180/3bd7fe60ly8hrokftyakhj20tq0tqabl.jpg?KID=imgbed,tva&Expires=1729876454&ssig=%2BUtTocf4Lq",æ±¤æ±¤_tangt,https://weibo.com/u/1004011104,0
5093486286079570,0,0,0,åŒ—äº¬,ä¹±èŠ±è¿·äººçœ¼ğŸ˜  â€‹,35,2024-10-25,åŒåŸ,https://weibo.com/5093486286079570/ODe0kpvzA,"https://tvax1.sinaimg.cn/crop.0.0.927.927.180/6de34926ly8hsridcverjj20pr0prjul.jpg?KID=imgbed,tva&Expires=1729876454&ssig=Y7947tofz9",å®è““è•¾å„¿,https://weibo.com/u/1843611942,0
5093286601556748,0,3,0,åŒ—äº¬,åœ¨è¿™ä¸ªä¸–ç•Œä¸Šæœ€å–œæ¬¢çš„ç¾¤ä½“å°±æ˜¯æˆ‘çš„ç”·æœ‹å‹å’Œå¥³å­©å­ä»¬[é’±] â€‹,52,2024-10-25,åŒåŸ,https://weibo.com/5093286601556748/OD8Og6wYQ,"https://tvax1.sinaimg.cn/crop.0.0.1080.1080.180/d678589fly8hs7np69s58j20u00u00uv.jpg?KID=imgbed,tva&Expires=1729876454&ssig=AWUy7jE1Hp",æ”¹å•¥åéƒ½ä¸è®©ä¿ºç”¨,https://weibo.com/u/3598211231,0
5093111439298423,2516,171,0,å‰æ—,ä¸€äº›çè´µçš„çš„è®°å¿†ç¢ç‰‡ğŸ§© â€‹,24,2024-10-24,åŒåŸ,https://weibo.com/5093111439298423/OD4fJD0Wz,"https://tvax2.sinaimg.cn/crop.0.0.562.562.180/006bOuYdly8h83bsb892vj30fm0fmgma.jpg?KID=imgbed,tva&Expires=1729876454&ssig=iAU6X73Vgk",å¤šè‚‰ç½—å„¿,https://weibo.com/u/5671372141,0
5093483137729084,1,0,0,åŒ—äº¬,æˆ‘è·Ÿgxtçš„å’–å•¡å…æ—¥è®° â€‹,19,2024-10-25,åŒåŸ,https://weibo.com/5093483137729084/ODdVfwqGE,"https://tvax3.sinaimg.cn/crop.0.0.1080.1080.180/006H0r93ly8hmvqssyi9ej30u00u00us.jpg?KID=imgbed,tva&Expires=1729876454&ssig=PkNtqSFtpP",GeYunru_,https://weibo.com/u/6132283789,0
5093286572197779,0,0,0,åŒ—äº¬,"å¥½å›°å¥½å›°å¥½å›°~~ğŸ¥±ğŸ¥±ğŸ¥±
æ—©ä¸Šå…«ç‚¹é†’èµ¶ç€ä¹ç‚¹å¼€ä¼š[å…æ‚²][å…æ‚²] â€‹",67,2024-10-25,åŒåŸ,https://weibo.com/5093286572197779/OD8Od9dK3,"https://tvax1.sinaimg.cn/crop.0.0.996.996.180/007aEFOuly8fupouepmryj30ro0rogmu.jpg?KID=imgbed,tva&Expires=1729876454&ssig=30MTqgMETd",ä¸€åªè¢«æ·¹æ­»çš„æµ·é¾Ÿ,https://weibo.com/u/6570387038,0
5093430479552724,0,0,0,åŒ—äº¬,ğŸ å¿«ä¹å€¼+100ğŸ¢ğŸ¡ğŸ¦•ğŸ°  â€‹,51,2024-10-25,åŒåŸ,https://weibo.com/5093430479552724/ODcyjE56c,"https://tvax1.sinaimg.cn/crop.0.0.996.996.180/005JQgEwly8gpahmj81fxj30ro0ro773.jpg?KID=imgbed,tva&Expires=1729876454&ssig=DG8uYjzzro",äºåœˆå‘€,https://weibo.com/u/5258056352,0
5093273109268915,475,98,9,åŒ—äº¬,æ˜¨å¤©ç«é”…å°±è·Ÿå®šä½è¿™ä¸ªåœ°æ–¹åƒçš„ä»–å®¶å…¶å®æ˜¯ä¸ªè‚‰é“ºç«é”…å’Œçƒ¤ä¸²éƒ½ä¸é”™å”¯ä¸€ç‘•ç–µå°±æ˜¯é¥­ç‚¹å„¿å¾ˆéš¾åœ¨å±‹é‡Œæ‰¾åˆ°ç©ºæ¡Œæ¯”å¦‚æ˜¨å¤©æˆ‘ä»¬å°±æ˜¯åœ¨æˆ·å¤–æ”¯æ¡Œå­åƒçš„æ˜¯çœŸç‰¹ä¹ˆå†·å•Šâ€¦â€¦[å…æ‚²][å…æ‚²]  â€‹,189,2024-10-25,åŒåŸ,https://weibo.com/5093273109268915/OD8suCTgD,"https://tvax2.sinaimg.cn/crop.0.0.1002.1002.180/6853040fly8gdim7s3zdjj20ru0rumys.jpg?KID=imgbed,tva&Expires=1729876455&ssig=wkyg1V1WAT",é™ˆéœ‡åŒå­¦,https://weibo.com/u/1750270991,0
5091874374682054,32,2,0,å¤©æ´¥,Labu Labu  â€‹,30,2024-10-21,åŒåŸ,https://weibo.com/5091874374682054/OCy4tjE10,"https://tvax2.sinaimg.cn/crop.0.0.1080.1080.180/7be9f50fly8haqpvsqllnj20u00u0td5.jpg?KID=imgbed,tva&Expires=1729876455&ssig=iaR1%2Btau8C",HANHTong,https://weibo.com/u/2078930191,0
5093479529317077,13,0,2,åŒ—äº¬,ç‰›é€¼åˆæ˜¯å¤§é€†è½¬å”¯ä¸€ä¸€æ”¯å…­è¿èƒœçš„é˜Ÿä¼[good]  â€‹,64,2024-10-25,åŒåŸ,https://weibo.com/5093479529317077/ODdPqD5Nr,"https://tvax1.sinaimg.cn/crop.0.0.1080.1080.180/45008fb2ly8g2gufeobmlj20u00u0dkf.jpg?KID=imgbed,tva&Expires=1729876455&ssig=DNozK94JAD",æœ€çˆ±å›½å®‰åˆ‡å°”è¥¿,https://weibo.com/u/1157664690,0
5091979207641242,3,1,0,åŒ—äº¬,ğŸ‚åŒ—å¹³çš„ç§‹ğŸ‚  â€‹,37,2024-10-21,åŒåŸ,https://weibo.com/5091979207641242/OCANyw3PQ,"https://tvax4.sinaimg.cn/crop.0.0.512.512.180/006eVY8Zly8hdm0k3g6v6j30e80e8my1.jpg?KID=imgbed,tva&Expires=1729876455&ssig=8QAOngkbOu",ä¸æƒ³ä¸Šç­çš„ææŸæŸ,https://weibo.com/u/5717481589,0
5093467719731368,1,0,0,åŒ—äº¬,"#åŒ—äº¬æ—…è¡Œ# ä¸œå²³åº™æ›¾æ˜¯åŒ—äº¬åŸé¦™ç«æœ€é¼ç››çš„æ••å»ºé“è§‚åº·ç†™å’Œä¹¾éš†ç¥–å­™ä¿©éƒ½å¯¹å®ƒæƒ…æœ‰ç‹¬é’Ÿåˆ†åˆ«é¢˜å†™äº†å„ä¸ªå¤§æ®¿ã€åº™é—¨çš„åŒ¾é¢æ­£æ®¿å‰å·¦å³ç¢‘äº­é‡Œåˆ†åˆ«æ˜¯åº·ç†™å’Œä¹¾éš†é¢˜å†™çš„é‡å»ºç¢‘æ–‡

è¿˜æœ‰æ—ç«‹çš„ä¸‡å¤æµèŠ³çŸ³ç¢‘åˆ»å­—é•Œåˆ»ç€ææ¬¾è€…çš„å§“åæœ€æœ‰åçš„æ˜¯èµµå­Ÿé «é¢˜å†™çš„é“è§‚åˆ›å§‹äººå¼ ç•™å­™çš„é“è¡Œç¢‘  â€‹",277,2024-10-25,åŒåŸ,https://weibo.com/5093467719731368/ODdwnEPzy,"https://tvax4.sinaimg.cn/crop.0.0.1080.1080.180/007rDQIkly8hrp2sw4wuzj30u00u0aer.jpg?KID=imgbed,tva&Expires=1729876455&ssig=aBKX607CfH",çŸ¥è¡Œåˆä¼Šäºº,https://weibo.com/u/6821388324,0
5093286471794855,1,0,0,åŒ—äº¬,çœŸçš„å¾ˆæ¨å°ç»„ä½œä¸š[æ‹œæ‹œ][æ‹œæ‹œ][æ‹œæ‹œ]æˆ‘ä¸ç†è§£ä¸ºä»€ä¹ˆä¸€ä¸ªäººèƒ½åšçš„äº‹æƒ…è¦ä¸€å †äººæ¥æ‰¯çš®æŠŠäº‹æƒ…å¤æ‚åŒ– â€‹,90,2024-10-25,åŒåŸ,https://weibo.com/5093286471794855/OD8O37wVh,"https://tvax1.sinaimg.cn/crop.0.0.1080.1080.180/007I9bvSly8huwntmitanj30u00u0q4b.jpg?KID=imgbed,tva&Expires=1729876455&ssig=JH3iE7h%2Bbb",æ¸…è¾‰-è¢«Gotchaç‰ˆ,https://weibo.com/u/7065277820,0
5093427916833606,66,6,0,å¹¿ä¸œ,ç¥æˆ‘å¥½è¿çœ‹åˆ°çš„äººä¹Ÿå¥½è¿ â€‹,24,2024-10-25,åŒåŸ,https://weibo.com/5093427916833606/ODcubsFJs,"https://tvax3.sinaimg.cn/crop.0.0.828.828.180/006lP2Thly8gxfah0bvvjj30n00n0403.jpg?KID=imgbed,tva&Expires=1729876455&ssig=GaOQNa2bqb",å°±å«å®‰ä¸œå°¼,https://weibo.com/u/5819265891,0
5093479732216676,1,0,0,åŒ—äº¬,é€¢çœ‹å¿…è¾“å®šå¾‹[è£‚å¼€]  â€‹,38,2024-10-25,åŒåŸ,https://weibo.com/5093479732216676/ODdPL9iEQ,"https://tvax2.sinaimg.cn/crop.0.0.664.664.180/007bitkMly8g0cr3z79e5j30ig0igq3x.jpg?KID=imgbed,tva&Expires=1729876455&ssig=W%2B93%2F0sa3x",å–‡å­å¹æ°´ç«™,https://weibo.com/u/6579872188,0
5093394739892691,0,1,0,åŒ—äº¬,è°æ¥æ•‘æ•‘æˆ‘å±è‚¡åé¢è¿™300ä¸ªddl å•Š[æ³ª][æ³ª][æ³ª] â€‹,43,2024-10-25,åŒåŸ,https://weibo.com/5093394739892691/ODbCFFvxx,"https://tvax1.sinaimg.cn/crop.0.0.1078.1078.180/008yU9ryly8hp215zuez1j30ty0tyjt4.jpg?KID=imgbed,tva&Expires=1729876455&ssig=FPLW3mLur1",éšä¾¿æ”¹ä¸ªåå­—å–½,https://weibo.com/u/7844840752,0
5093065859009693,1,1,0,åŒ—äº¬,é€›åŒ—é”£é¼“å··ğŸš¶â€â™€ï¸æ„Ÿå—åŒ—å¹³ä¹‹ç§‹ğŸ‚  â€‹,56,2024-10-24,åŒåŸ,https://weibo.com/5093065859009693/OD34dBNPD,"https://tvax2.sinaimg.cn/crop.0.0.1080.1080.180/006CXUp6ly8hul4eiaku4j30u00u0ahz.jpg?KID=imgbed,tva&Expires=1729876455&ssig=HB%2B6hT48kd",å‘¨é’å°‘åƒç‚¹,https://weibo.com/u/6072575932,0
5091161532271376,12,7,1,åŒ—äº¬,æ˜¨æ™š3 ä»Šå¤©4 ä¸èƒ½å†ç©äº†[äºŒå“ˆ][äºŒå“ˆ][äºŒå“ˆ][äºŒå“ˆ][äºŒå“ˆ] â€‹,52,2024-10-19,åŒåŸ,https://weibo.com/5091161532271376/OCfwJ9wT6,"https://tva2.sinaimg.cn/crop.0.0.180.180.180/75509257jw1e8qgp5bmzyj2050050aa8.jpg?KID=imgbed,tva&Expires=1729876455&ssig=zYU9balx41",æå°åª›Daisy,https://weibo.com/u/1968214615,0
